"nome","cognome","email","data_di_nascita","avatar"
"Jeffery","Mann","Clay_West7@gmail.com","1962-12-21T04:03:06.524Z","https://avatars.githubusercontent.com/u/59294055"
"Bridget","Cole","Forest.MacGyver51@gmail.com","1983-09-11T23:48:45.055Z","https://avatars.githubusercontent.com/u/68746921"
"Romaine","Carter","Eliseo.Kutch4@hotmail.com","1998-01-09T16:14:35.076Z","https://avatars.githubusercontent.com/u/81487365"
"Mia","Gibson","Katelynn.Wolf35@hotmail.com","1979-12-07T22:50:51.517Z","https://avatars.githubusercontent.com/u/66866731"
"Helene","Heaney","Nyah_Berge@yahoo.com","1944-07-28T10:49:03.795Z","https://avatars.githubusercontent.com/u/67793813"
"Terrill","Berge","Aric_Hauck74@gmail.com","1980-11-04T13:07:50.833Z","https://avatars.githubusercontent.com/u/97170829"
"Rhett","Bernier","Rosa.Dooley64@hotmail.com","1973-05-29T01:49:06.466Z","https://avatars.githubusercontent.com/u/83774618"
"Peter","Heidenreich","Sylvester.Denesik53@yahoo.com","1956-06-05T17:47:04.884Z","https://avatars.githubusercontent.com/u/22797131"
"Jaime","Abbott","Marian11@yahoo.com","1963-05-24T22:04:11.060Z","https://avatars.githubusercontent.com/u/5703412"
"Thalia","Cremin","Linnie32@yahoo.com","2003-05-29T08:51:43.849Z","https://avatars.githubusercontent.com/u/78606596"
"Mckenzie","Bartell","Garret_Walsh0@yahoo.com","1982-09-29T08:18:25.204Z","https://avatars.githubusercontent.com/u/64637498"
"Skyla","Bednar","Creola77@hotmail.com","1948-05-06T21:34:26.162Z","https://avatars.githubusercontent.com/u/36808954"
"Dimitri","Braun","Josiane95@yahoo.com","1991-03-17T15:14:24.751Z","https://avatars.githubusercontent.com/u/45058835"
"Kennedi","Jakubowski","Lonny.Howell96@yahoo.com","1987-04-19T18:16:03.132Z","https://avatars.githubusercontent.com/u/67058290"
"Martina","Macejkovic","Ahmed.Kulas@gmail.com","1979-09-25T02:51:09.676Z","https://avatars.githubusercontent.com/u/60113670"
"Maynard","Treutel","Dakota95@hotmail.com","1945-03-19T01:37:23.786Z","https://avatars.githubusercontent.com/u/1485786"
"Clotilde","Cruickshank","Charlene_Pagac@yahoo.com","1997-06-25T17:03:03.907Z","https://avatars.githubusercontent.com/u/81113595"
"Shayna","Konopelski","Sylvan_McGlynn@gmail.com","1954-03-07T16:39:34.076Z","https://avatars.githubusercontent.com/u/80971071"
"Eleanore","Johnston","Lue.Beahan32@hotmail.com","1957-10-31T06:21:28.787Z","https://avatars.githubusercontent.com/u/60806777"
"Claudie","Crona","Ardith.Considine@gmail.com","1961-07-27T11:07:36.092Z","https://avatars.githubusercontent.com/u/75245931"
"Alize","Schumm","Lesly85@gmail.com","1990-12-20T07:28:30.757Z","https://avatars.githubusercontent.com/u/87523148"
"Delpha","Barrows","Damien99@hotmail.com","1972-09-13T05:23:06.915Z","https://avatars.githubusercontent.com/u/66313497"
"Arvel","Brakus","Hassie_Wuckert65@yahoo.com","1961-08-01T18:07:44.663Z","https://avatars.githubusercontent.com/u/48979485"
"Deondre","Reichel","Dimitri.Harber@gmail.com","1994-01-01T16:41:10.239Z","https://avatars.githubusercontent.com/u/37666564"
"Lyla","Auer","Lora.Hermiston83@hotmail.com","1954-08-22T15:07:49.344Z","https://avatars.githubusercontent.com/u/96815668"
"Bridget","Schaefer","Solon.Keebler20@yahoo.com","1946-03-28T21:56:57.725Z","https://avatars.githubusercontent.com/u/75469692"
"Elody","Boehm","Cordia.Goldner@yahoo.com","1960-05-04T00:19:52.735Z","https://avatars.githubusercontent.com/u/53845507"
"Minnie","Becker","Ron68@gmail.com","1978-03-09T22:11:50.668Z","https://avatars.githubusercontent.com/u/53107521"
"Renee","McLaughlin","Laron.Deckow47@gmail.com","1962-09-16T19:37:14.859Z","https://avatars.githubusercontent.com/u/71279104"
"Germaine","Pfeffer","Brooklyn64@gmail.com","1979-07-18T02:00:50.020Z","https://avatars.githubusercontent.com/u/50954842"
"Yasmine","Swift","Irving_Lesch@gmail.com","1973-12-04T03:41:29.383Z","https://avatars.githubusercontent.com/u/26622394"
"Constance","Stark","Armando.Beier12@hotmail.com","1950-12-07T10:59:24.298Z","https://avatars.githubusercontent.com/u/85745420"
"Keyshawn","Heidenreich","Mariah.McClure19@gmail.com","1948-12-19T13:57:24.871Z","https://avatars.githubusercontent.com/u/87208791"
"Elijah","Hessel","Emerson.Lehner74@hotmail.com","2005-04-13T23:20:24.485Z","https://avatars.githubusercontent.com/u/38236583"
"Hank","Koch","Crawford_Heaney@gmail.com","2000-10-16T20:39:14.494Z","https://avatars.githubusercontent.com/u/70124352"
"Clemens","Hickle","Cecelia10@hotmail.com","1981-10-17T23:58:24.182Z","https://avatars.githubusercontent.com/u/75028135"
"Floyd","Murphy","Rosendo.Klein10@hotmail.com","1950-05-28T12:02:04.949Z","https://avatars.githubusercontent.com/u/71968801"
"Mckenna","Kunde","Luisa_Sipes@hotmail.com","1990-05-09T02:32:39.650Z","https://avatars.githubusercontent.com/u/73911833"
"Keyshawn","Mayert","Xavier_Hills@yahoo.com","1950-04-19T03:56:08.237Z","https://avatars.githubusercontent.com/u/69888862"
"Paige","Bergnaum","Greta.Daniel@yahoo.com","1981-04-30T18:44:08.142Z","https://avatars.githubusercontent.com/u/14565157"
"Eli","Cummerata","Ezra39@yahoo.com","1947-11-16T16:44:49.999Z","https://avatars.githubusercontent.com/u/99590656"
"Cheyanne","Murazik","Kale78@hotmail.com","1962-11-30T00:00:42.133Z","https://avatars.githubusercontent.com/u/73090927"
"Zola","Prosacco","Carolyn.Sipes54@gmail.com","1956-01-10T17:26:07.439Z","https://avatars.githubusercontent.com/u/32892515"
"Odell","O'Hara","Emerald.Harris@gmail.com","2003-05-29T17:43:10.820Z","https://avatars.githubusercontent.com/u/79702907"
"Dorothy","Lockman","Angelica_Casper55@hotmail.com","1991-12-01T21:04:57.008Z","https://avatars.githubusercontent.com/u/81084594"
"Mable","Berge","Mike44@gmail.com","1999-06-08T02:40:52.256Z","https://avatars.githubusercontent.com/u/34616533"
"Adam","Schneider","Angie_DuBuque@yahoo.com","1948-08-08T17:18:43.366Z","https://avatars.githubusercontent.com/u/55397799"
"Fatima","Mohr","Kyra_Padberg93@gmail.com","1976-04-07T23:57:18.832Z","https://avatars.githubusercontent.com/u/10935450"
"Maude","Hessel","Hope_Mueller-Wisozk@hotmail.com","1981-12-20T04:40:40.620Z","https://avatars.githubusercontent.com/u/34218303"
"Dominique","Brown","Werner.Simonis@yahoo.com","2000-02-21T03:29:55.440Z","https://avatars.githubusercontent.com/u/94235665"