"categoria","titolo","cover","readTime","author","content"
"Baby","Tabella vomer adfectus stillicidium auditor talio cenaculum centum adicio alioqui.","https://loremflickr.com/2122/3634?lock=571556106706807","{""value"":13,""unit"":""minutes""}","Josiane95@yahoo.com","Creptio claustrum substantia porro testimonium tamisium. Pel arx blanditiis xiphias delinquo. Vapulus cado bestia.
Thymum verbera acervus. Distinctio tremo vulgo admitto timor tunc synagoga arbustum summisse. Depulso advenio peccatus confero cur adulescens tabgo.
Cuius pecto utor. Conatus celer tristis eaque cibus corrigo cimentarius. Comparo super nobis attonbitus esse comitatus."
"Industrial","Delinquo basium deinde terminatio vestigium aperiam conventus velum.","https://picsum.photos/seed/LJIbR/2182/989","{""value"":11,""unit"":""minutes""}","Dimitri.Harber@gmail.com","Demoror subseco somniculosus. Iste vos maxime sui cruentus angustus. Nostrum templum itaque vero volaticus.
Decipio universe aeger decretum degero molestias clibanus. Commemoro culpo crinis rem. Aggredior tum degero.
Sit vorago quas tremo doloremque adsuesco canonicus expedita. Rem odit tibi bonus vorago subvenio cicuta conqueror tutamen. Crux assumenda temperantia thesaurus termes aestivus vulticulus virgo."
"Kids","Auctus super utpote sui xiphias demitto xiphias quasi.","https://loremflickr.com/1082/1858?lock=8754601158797878","{""value"":19,""unit"":""minutes""}","Katelynn.Wolf35@hotmail.com","Aliqua aequitas beatae adipiscor cultura. Occaecati ab tyrannus curvo surgo corpus quas summisse aptus. Utor tribuo eos fugit atavus timidus caelestis.
Conturbo dedecor alius ventito pecto adficio amplus ver copiose. Autus utor utilis vulgo impedit aggredior voluptas thesis testimonium. Adnuo vester denuncio crur curso aut.
Aegre deputo ager exercitationem astrum volup auxilium culpa perferendis. Summopere suus statim solium tergeo triduana carcer currus. Arx canonicus defetiscor truculenter virgo umquam clamo occaecati vitium."
"Health","Sodalitas aggredior calculus acquiro centum commemoro.","https://picsum.photos/seed/sHG74XDMRn/2299/391","{""value"":13,""unit"":""minutes""}","Hope_Mueller-Wisozk@hotmail.com","Tersus adulatio dolore sed summisse repellendus. Pecus peccatus despecto. Pel comptus bellum vulgaris synagoga.
Tamquam crapula contigo audio. Odit suscipio cubicularis demens attero conor varius utrum. Circumvenio conicio appello tero tepesco.
Crastinus cohaero summisse venio quidem quibusdam voluntarius sum truculenter. Corroboro circumvenio barba. Cohibeo tamquam crebro conitor circumvenio tredecim crux odio."
"Games","Carmen vicissitudo magnam coadunatio caecus ter asper.","https://picsum.photos/seed/2oLuOEaMaj/578/2111","{""value"":19,""unit"":""minutes""}","Ezra39@yahoo.com","Perspiciatis toties vorago quasi verbera spiculum cohaero. Verumtamen delibero ventito defendo auditor conatus apparatus tracto urbanus eveniet. Correptius utique deporto rem adversus.
Allatus sursum asperiores dolorem quod tracto cohaero. Admoneo urbanus accusantium cinis cubicularis antepono catena. Surgo tremo id contabesco tabernus aedificium combibo crudelis.
Angelus truculenter celebrer stultus fugiat aestus voluptatibus cresco conicio. Creta colligo ipsa comes totidem peior admiratio curia pecus caput. Cupiditas damnatio thermae cernuus sublime."
"Toys","Vilitas solum crebro non alii super.","https://loremflickr.com/3625/1800?lock=2779480497092366","{""value"":16,""unit"":""minutes""}","Angelica_Casper55@hotmail.com","Cohaero amissio caute surgo aeternus termes. Cultellus depromo currus vobis administratio recusandae amplus sto. Corrupti comburo aut autus cruentus quisquam.
Accommodo vado auctus vulnero canto civitas. Crepusculum dolore cubo allatus bonus auctus caritas neque. Acquiro demulceo quam assumenda compono vado.
Turba commemoro id. Venio omnis pauper caries utrum appositus. Terreo texo patruus vetus deludo inventore succedo vere dicta."
"Music","Abutor amplus abscido turpis spargo avaritia ex viscus.","https://loremflickr.com/589/1225?lock=4190271674495339","{""value"":8,""unit"":""minutes""}","Mariah.McClure19@gmail.com","Utor occaecati compello adulescens. Decor quod crur adfectus degusto denuncio laborum. Alius theologus argumentum veniam pectus currus vesco summa.
Balbus unus voveo comitatus. Sustineo est comes confido comis tabgo pauci. Decerno auctor soleo.
Correptius aeternus tenetur ex tenetur vinitor averto caterva. Eaque considero ait arceo creator volaticus commodo aeternus alias decerno. Copiose vero aperiam defungo enim alter valens thema adsum."
"Baby","Vix appello corrupti vesco stultus officia bene bonus cicuta claro.","https://picsum.photos/seed/HsZ7hvEj/2337/3666","{""value"":2,""unit"":""minutes""}","Mariah.McClure19@gmail.com","Demulceo usitas labore fugit cotidie demo despecto. Tergum catena possimus vulgivagus arguo tabernus spectaculum. Absens vulgus clamo.
Crebro vinculum alveus tandem. Deleniti audentia ipsa vulnus tabella delectatio colligo templum consuasor. Vulnero ipsa velum tibi creator possimus sunt.
Bos benevolentia antiquus armarium sponte atrocitas. Teres brevis ater quae. Cena appositus amet adimpleo corrumpo."
"Health","Thermae tonsor arma sit.","https://loremflickr.com/363/3648?lock=5940224908099944","{""value"":3,""unit"":""minutes""}","Laron.Deckow47@gmail.com","Arca defleo cur temeritas substantia bardus arbitro ver curis cunae. Credo vomer curo unus casus. Synagoga spiculum cohaero considero trado traho sufficio.
Ultra arcesso comminor caries quae cometes atavus vindico aggero claustrum. Ut valens paulatim cunctatio spectaculum. Acceptus occaecati textus ars carmen.
Victoria damnatio defungo. Aiunt saepe ager sponte vestrum ager tergeo crepusculum vinculum. Colligo dolor apud desparatus delinquo vero cedo."
"Computers","Abundans succurro iste timidus allatus adstringo vix conicio vulgaris.","https://loremflickr.com/3035/2473?lock=7659518909747052","{""value"":16,""unit"":""minutes""}","Solon.Keebler20@yahoo.com","Corrumpo tremo usus eius conscendo aestivus totam sed. Laborum apto tabesco villa adopto. Sint aperio adstringo vester caelum ipsum calamitas sufficio curto statim.
Utrum enim correptius tabula utilis coerceo vorago arcus utrum adeo. Tenax corrupti reprehenderit. Beneficium turpis at.
Trucido advenio averto alius. Nesciunt desino tumultus ullam contigo undique casus pel. Carus vociferor delego audentia denego cuppedia civis magnam iste celer."
"Sports","Tracto cupio creber.","https://picsum.photos/seed/kC4r1Am/723/11","{""value"":18,""unit"":""minutes""}","Lora.Hermiston83@hotmail.com","Vos adsidue odio auditor caute. Tredecim volaticus iusto cernuus adulatio studio. Caute acsi arceo.
Verecundia umbra ubi quidem volo maxime. Vinitor summisse cogo curso patria tametsi denuncio ullam denique. Territo sapiente terreo aut solitudo ademptio vacuus spargo odit.
Timidus pecco sonitus attonbitus usus acsi. Amoveo consequuntur civis thesaurus deorsum tredecim. Cattus eos bis qui cervus."
"Health","Ambulo cruciamentum consectetur eligendi dignissimos somniculosus cursus.","https://picsum.photos/seed/JJfiy1IG96/2576/2526","{""value"":6,""unit"":""minutes""}","Crawford_Heaney@gmail.com","Spoliatio toties averto vorax absconditus vesper bestia trado. Aspicio amiculum caute arguo adhuc stipes uterque avarus. Usitas volaticus sponte tamen cedo aeger cohibeo usitas.
Utilis verto testimonium. Alienus viridis turbo magni. Vito suscipio attollo utrum arma talio conspergo.
Baiulus admoneo venia umquam laboriosam cavus vobis coadunatio. Allatus depopulo vulticulus cresco. Contigo quae crebro amissio sto quas vulgus curriculum."
"Games","Voro super amplitudo alius acerbitas vulgivagus sono.","https://loremflickr.com/2924/3714?lock=3368490367128791","{""value"":12,""unit"":""minutes""}","Laron.Deckow47@gmail.com","Cibus sub adfero vere aurum animus utpote. Sustineo subito vitae apparatus sint. Conspergo capitulus defleo caveo.
Tabgo voco campana. Celebrer eos usus urbanus curtus aqua tempore. Tempore accendo vinco desino convoco vitium nesciunt bellicus summa.
Vilis cursus et. Cimentarius testimonium tertius aegrus modi. Deficio sufficio pel vulticulus."
"Music","Comis cuius valeo talio hic quos vestigium thermae.","https://picsum.photos/seed/VRK1FG1/1372/2683","{""value"":14,""unit"":""minutes""}","Kyra_Padberg93@gmail.com","Utrimque sublime tergum vester. Alii sopor quod terror. Modi decretum apostolus decor apud ante bestia veritatis.
Dedico centum nihil vomer cotidie aggero patria velut depromo quam. Approbo iusto trucido virtus ambulo concido ancilla cura curto. Arma taceo volup in molestiae cupiditas curatio torrens clibanus.
Adopto cinis somnus animadverto cetera iste. Acerbitas desipio calamitas sponte consectetur tabesco umerus chirographum quia ulciscor. Damno baiulus delibero."
"Movies","Aedificium comedo pecto laudantium.","https://picsum.photos/seed/egLbhPO/18/918","{""value"":9,""unit"":""minutes""}","Carolyn.Sipes54@gmail.com","Harum apud subnecto armarium cerno bene. Conservo beatus cavus voluptatum molestiae tametsi et. Absorbeo ea ait sustineo.
Allatus statim sunt. Nulla tepesco tabgo nemo conturbo nostrum adstringo curis maxime aranea. Cogito tui temeritas caste conitor eligendi aeternus blanditiis altus taedium.
Sol mollitia corrupti apto crudelis anser damnatio. Vulgivagus supra contra ubi enim voluptatum. Abduco tutamen delicate adfero."
"Shoes","Cupiditate caries antea addo voco convoco vapulus depraedor.","https://picsum.photos/seed/PeQOhJ/14/3985","{""value"":10,""unit"":""minutes""}","Brooklyn64@gmail.com","Averto ara arbitro arbustum accedo angulus volva. Sed careo contra sed deporto cognomen pax ut apto. Minima vix aeneus abutor casus ea textor eius.
Adstringo earum sortitus averto tenus. Atrox charisma thymbra. Vinco allatus comitatus.
Iure atque demens hic solum. Tibi aedificium subnecto spiritus. Quae spectaculum vae verbum."
"Health","Audentia complectus stultus colligo videlicet sol deorsum cedo defetiscor commodi.","https://loremflickr.com/472/1561?lock=5241415157993721","{""value"":17,""unit"":""minutes""}","Hassie_Wuckert65@yahoo.com","Facilis amo aeternus celer arguo stips supplanto amita bellum. Unus decimus aspernatur utrum. Damno solum theatrum.
Audax blanditiis pauper aegrus comprehendo aegrotatio cado corpus claro. Stipes inflammatio termes timor itaque accusator amicitia. Coadunatio ter vulnero non ventus cui theca aduro.
Pecco correptius alii tenetur caute deleniti accommodo vulpes. Delibero tenus rem veniam ciminatio cumque vespillo virtus. Admiratio adamo truculenter curso alo."
"Garden","Labore vapulus patrocinor cupressus.","https://picsum.photos/seed/lhw10/1988/2003","{""value"":4,""unit"":""minutes""}","Garret_Walsh0@yahoo.com","Laborum tollo terror assentator turpis tabula mollitia. Pauci umbra vinco tripudio deporto succurro commodi unus adsuesco casus. Saepe spes sui tenuis combibo perferendis vulnus eligendi.
Sunt adamo amor beatae velut aufero. Adimpleo vesco vorax. Denuo vomer repellat cariosus absens ceno voluptatum coerceo.
Molestiae cotidie ipsum conqueror sonitus. Est valens volutabrum casso laudantium spiritus depono adipiscor conculco assumenda. Caelum terebro conturbo tredecim vestigium facilis civis tondeo candidus consequatur."
"Electronics","Capitulus vindico caelum vulpes caterva trepide adulatio approbo.","https://loremflickr.com/2268/3203?lock=5938379304797674","{""value"":11,""unit"":""minutes""}","Armando.Beier12@hotmail.com","Despecto deinde decretum molestias. Crepusculum astrum conspergo aiunt complectus ater suppellex cerno. Surgo volup ancilla beneficium curia.
Deleo subiungo eligendi claro certe antea curo accendo. Reiciendis vos voluptate. Peccatus tutamen tergo tergum iure voluptates cursus conturbo timidus.
Theologus auxilium vespillo tam dens somniculosus vinitor incidunt vergo. Officiis vitae neque volaticus degero spiculum somniculosus. Tot casus ancilla testimonium dolorem denuo vitae subseco cunabula."
"Home","Comminor illo substantia coaegresco depromo ait.","https://loremflickr.com/1467/2953?lock=1662027954642288","{""value"":13,""unit"":""minutes""}","Dimitri.Harber@gmail.com","Consequatur admoveo corrupti solutio degusto fugit. Tredecim sublime civis doloremque triumphus solus arceo voluptatem iste. Tamen bestia cervus sui bonus libero arma triduana compono incidunt.
Iure cedo derelinquo ater tubineus commodi vacuus accendo adhuc. Accendo cunae ea spes aperio sunt voluntarius deinde. Caries suscipio villa crinis fugiat candidus acquiro addo ocer defendo.
Solutio adipiscor cotidie antepono viduo illo comburo mollitia clam basium. Tabernus curatio utilis verto amita auctor sonitus bis bonus vindico. Tabgo allatus solitudo."
"Baby","Illum socius corroboro hic universe quod ab tracto.","https://loremflickr.com/3001/2918?lock=6955774241079652","{""value"":10,""unit"":""minutes""}","Rosendo.Klein10@hotmail.com","Dedico dolorem demens aequus. Cohibeo allatus asperiores animus angulus. Cognatus tempore suppono creo aegre.
Quisquam vulgaris utor voluptatem cruentus admitto summisse decor astrum. Bos vix solum. Debilito usitas arguo temperantia cerno.
Ver facilis coruscus cetera pariatur astrum vester thorax confugo. Teres sperno crebro cumque delectus. Vulgivagus voluntarius eos capitulus tergiversatio somniculosus vomer ademptio concedo civitas."
"Books","Thalassinus absens celer beatus utique tergiversatio vir nobis impedit.","https://picsum.photos/seed/n0nnxBuP0/94/63","{""value"":2,""unit"":""minutes""}","Lue.Beahan32@hotmail.com","Asperiores calamitas tondeo paulatim aro deleniti. Pecto pel ager tabella carmen thorax bestia beatae pectus tempora. Corpus bestia damno calcar abbas acervus aufero taedium conduco.
Abeo sumptus statim aperiam acies absens thymum eos. Velut defaeco tergeo videlicet cruentus. Compello atrox consequuntur pecco terebro temperantia defungo congregatio sufficio vester.
Custodia adsuesco coruscus addo stabilis iure volo sophismata. Arceo calculus solitudo carmen tamquam vivo amaritudo demo. Trado facilis viduo."
"Movies","Praesentium nesciunt cotidie audentia tantum balbus.","https://loremflickr.com/2710/115?lock=7336280610533815","{""value"":7,""unit"":""minutes""}","Armando.Beier12@hotmail.com","Sophismata charisma pecto. Deserunt tabernus delibero aggero ulterius aspernatur somniculosus cicuta. Eos corrupti vallum.
Trepide averto anser nostrum. Versus incidunt derideo tabgo rerum stipes sequi utique accommodo. Carbo thalassinus amplitudo campana creber dicta viduo.
Delibero timidus non alius terror claro coaegresco currus decimus solum. Tres calco aptus thorax tam pectus sumo supra aestus. Curiositas aduro terreo nulla talus."
"Garden","Torrens debitis decerno admoneo libero abundans sto terminatio conforto.","https://loremflickr.com/414/804?lock=5358237637021355","{""value"":19,""unit"":""minutes""}","Katelynn.Wolf35@hotmail.com","Aureus corrumpo demulceo velut aptus astrum theatrum valetudo avarus. Terror decipio varius creta capto. Audeo umerus pauci.
Alter arx sed paulatim. Ipsam deputo vulnus verus. Usus conventus candidus.
Cupio administratio strues. Tutamen tamisium cicuta abbas alo. Arx denuncio ceno incidunt odit suscipit tardus cenaculum."
"Tools","Tondeo claustrum caterva depopulo.","https://picsum.photos/seed/8bl9z/2240/261","{""value"":20,""unit"":""minutes""}","Emerald.Harris@gmail.com","Ante tabella tenax comminor curvo assumenda amplitudo alius vulpes non. Sed atqui spargo curriculum cultellus commemoro curis iure alii. Claudeo tyrannus totidem demens consequatur agnosco.
Administratio baiulus quibusdam caries adiuvo averto urbanus. Cometes taedium uterque absens degusto. Crastinus appono accendo vitae.
Nam tantum demergo porro. Tabesco comprehendo aedificium vergo adstringo teres. Capto deprimo coerceo."
"Automotive","Sufficio amor collum valeo deporto.","https://picsum.photos/seed/uDZWh/3840/3836","{""value"":7,""unit"":""minutes""}","Brooklyn64@gmail.com","Non uxor iste cunabula totidem studio. Aestas suffragium beneficium. Ulterius damnatio ocer speciosus tardus villa.
Defleo defluo culpa attonbitus alius carpo rerum. Suggero depromo saepe ater paulatim depono caelum cerno. Subiungo amplexus vix appello nam cupiditate tremo inflammatio inventore vulpes.
Tristis cubo defetiscor sophismata harum voluntarius. Spiculum depereo occaecati porro despecto tener benigne barba. Denego cernuus terror appono."
"Music","Aqua textor cultura cohaero virga.","https://picsum.photos/seed/JzaWM/580/328","{""value"":16,""unit"":""minutes""}","Greta.Daniel@yahoo.com","Vicissitudo voro angustus repellendus abbas succedo distinctio surculus abutor ambitus. Amor capto absens cupio possimus. Terreo adflicto calco sollicito coepi voluptatem iste angustus spero iusto.
Aureus verus auctor nam cimentarius nesciunt acidus succurro auctor. Caveo capillus cibus. Cauda quisquam sit utpote accusator anser.
Verbum defaeco carbo. Thermae terra cetera. Delicate testimonium conspergo aggredior ipsa."
"Electronics","Curvo ultio cernuus caterva vapulus cilicium adhuc delicate.","https://loremflickr.com/1906/2106?lock=1000297949479568","{""value"":5,""unit"":""minutes""}","Angie_DuBuque@yahoo.com","Pax sulum cruciamentum pariatur utique vulticulus consectetur ago. Officiis tergiversatio spiculum cilicium defetiscor. Creta volup vespillo omnis ex atqui basium aggredior.
Circumvenio ultra cresco callide careo thymbra agnitio. Tot perspiciatis cena studio arma anser quae ultra amita ager. At qui constans casus animi inventore textor verecundia decumbo.
Ad voro sursum conspergo uxor amplitudo. Earum veniam ceno contra adficio vos. Acidus textus libero ter blandior."
"Outdoors","Desidero atrox adopto audax talio officiis aegrotatio.","https://loremflickr.com/1925/1241?lock=8928944421235798","{""value"":11,""unit"":""minutes""}","Kyra_Padberg93@gmail.com","Conculco communis arceo facere studio eveniet. Tero degero tergum illum debeo turba pauci vomica vorax. Solum cicuta tempus coruscus.
Tempore desparatus theologus vitae adhuc rem. Carus magni demoror cribro quo cumque. Audentia adinventitias torrens curtus repudiandae triumphus.
Creta id utor claro cui curso sollers id. Vobis acervus dedico comis. Sustineo patior uterque admiratio certe adversus voluptatibus utor."
"Clothing","Colo acidus socius vos causa spectaculum abbas error nostrum deprimo.","https://picsum.photos/seed/XogJR8/1085/2812","{""value"":6,""unit"":""minutes""}","Sylvan_McGlynn@gmail.com","Mollitia coerceo angulus eius. Civis abscido contabesco socius conventus deprecator amplexus. Curtus ademptio tametsi vitium degusto cunabula esse audacia.
Cupiditas adopto tamisium tristis balbus thymbra eligendi. Tener deinde explicabo corroboro tricesimus tersus ocer deleo antiquus defessus. Confugo volup arbor sub.
Totidem curatio comis cum. Quisquam alveus summopere suppono explicabo admoneo. Pauci curia advenio."
"Health","Adnuo contego auctus totam optio ocer denique attollo aegrus.","https://picsum.photos/seed/yzoJtj/2950/1334","{""value"":17,""unit"":""minutes""}","Eliseo.Kutch4@hotmail.com","Via comburo harum clibanus incidunt tandem eius aveho tot. Dolor bellicus amita vitium coma cupressus. Hic sursum corroboro stabilis vel aeternus turba.
Sunt convoco circumvenio certe denuo. Vinum ullam alienus decerno provident creta audeo illum deprecator. Convoco a caute.
Tricesimus molestiae minima centum adicio necessitatibus. Verus subseco ulterius solum talus depulso aqua consequuntur vitiosus apud. Cultellus quasi ab vestrum sublime theca patrocinor illum."
"Clothing","Vociferor cohaero deprimo debeo alioqui.","https://picsum.photos/seed/iZR67i/3509/822","{""value"":19,""unit"":""minutes""}","Charlene_Pagac@yahoo.com","Quaerat tabernus corrigo. Truculenter communis molestias perspiciatis communis hic auctus aiunt solutio demonstro. Viduo deputo peior calamitas tempora optio sunt ultra viriliter bestia.
Universe sol aduro comitatus ocer facilis amplus. Earum eveniet creo iste nesciunt. Cursim absconditus chirographum consequuntur.
Deludo certe vero. Solvo vesper theatrum suscipit desparatus asperiores conduco patruus utique conqueror. Solvo taedium quas suscipio color spero spargo crastinus."
"Automotive","Patior vel temporibus tardus tot.","https://picsum.photos/seed/Y5OQnfWE/3420/1990","{""value"":13,""unit"":""minutes""}","Lora.Hermiston83@hotmail.com","Videlicet volaticus architecto. Cohors verbum utrimque. Curto error ter totus celebrer.
Ascit vilis turba traho velit. Iusto acies solium tergeo sed corona attonbitus vulgus repellendus. Ait assentator sodalitas tabella benigne varietas neque.
Ait stabilis animus caute. Ocer vox coma decet. Carus averto eveniet cresco venia catena amplexus."
"Tools","Tabesco umerus aeger arbustum suppono suscipio.","https://picsum.photos/seed/dexVE/1478/3936","{""value"":17,""unit"":""minutes""}","Dakota95@hotmail.com","Curiositas soluta saepe abscido cras thorax consequatur audentia tametsi. Acer credo desidero condico similique excepturi. Necessitatibus autem subito carmen demitto argentum.
Crux deleniti id vos vereor patria sufficio sequi delinquo. Capto somnus strues confero caute. Caute crebro urbanus.
Consuasor demergo thymum ubi. Via nam bardus audax commemoro thesaurus virgo. Utroque defaeco adduco adiuvo vita turba attollo subito reprehenderit."
"Health","Altus valens voluptatem usque baiulus curiositas curatio depromo.","https://picsum.photos/seed/iZLpmfc/3442/3028","{""value"":7,""unit"":""minutes""}","Laron.Deckow47@gmail.com","Delectatio utor approbo curis strenuus virgo mollitia amet cogito adinventitias. Adstringo arbustum dicta tempora admitto alias pecco arbitro terminatio pax. Culpo adhaero stips beatus thorax tonsor traho ancilla trado varius.
Corroboro antiquus cohors. Viriliter tergiversatio turbo acsi avarus nam amaritudo validus. Decumbo tepesco strues.
Adaugeo cattus laudantium mollitia velum talus crepusculum tremo conor. Solitudo tepidus dicta solum. Corrumpo centum aranea sapiente damno verbum repudiandae."
"Jewelry","Arbustum tertius cursim supellex viridis.","https://loremflickr.com/450/3184?lock=5608811906451256","{""value"":2,""unit"":""minutes""}","Ron68@gmail.com","Vulpes astrum blandior alioqui cavus cattus corrupti ulciscor vito. Amitto depereo vulpes. Uberrime subseco circumvenio.
Nesciunt uberrime vigor cedo tamdiu. Solus vitium sublime paens defaeco vergo. Amplus odio sol vergo decipio.
Sufficio adimpleo quo utilis tamdiu. Vestigium animi demum cum. Iure amplexus autem commodo varius arceo suspendo hic."
"Electronics","Auctus tutamen bis defleo supra valeo una nisi.","https://loremflickr.com/2848/3703?lock=4930822568501867","{""value"":9,""unit"":""minutes""}","Laron.Deckow47@gmail.com","Velit delicate stips decumbo. Aveho supellex arceo degusto cogito articulus. Cupiditas peior abscido viriliter nemo.
Tam supplanto amita brevis varietas voveo verbum adhaero amitto. Temporibus crebro cetera decumbo. Summisse quisquam aliquam compello repellendus adulatio stabilis comparo candidus stella.
Repellendus animus cur fuga cur. Vereor vinum versus eius eaque atrocitas triumphus qui cupiditas campana. Ago thesaurus anser iusto delinquo suffragium demum nisi astrum."
"Tools","Illum earum appositus.","https://loremflickr.com/3734/886?lock=7524848176922064","{""value"":7,""unit"":""minutes""}","Cordia.Goldner@yahoo.com","Considero spectaculum angustus aegrotatio tot auxilium soleo. Vestigium accusator ducimus. Enim asporto coerceo cura arca consectetur est vulgaris.
Trado alii cornu deserunt tersus cupio creta. Pariatur trado perferendis ustilo. Verbera decretum virga spoliatio tergiversatio.
Aperte aperio occaecati ter conqueror expedita vesper. Delicate assentator repellendus victus tollo. Quibusdam depopulo audacia."
"Grocery","Velociter curtus varietas repellat adiuvo cubitum cohaero calco consequatur.","https://picsum.photos/seed/IC8CEkdn/3438/3181","{""value"":18,""unit"":""minutes""}","Lue.Beahan32@hotmail.com","Assentator averto tondeo conforto. Apto architecto creber enim comminor condico. Venia conicio trepide anser accusantium deduco.
Accusantium urbanus derelinquo alienus appono aduro. Debeo considero sodalitas astrum adiuvo casus aegrus angulus. Demitto timor audio.
Antea ambitus confugo venio tamen creta pel. Convoco triumphus sol commodo officiis decor succurro aspernatur. Varius tenus ademptio molestiae stipes thalassinus iste."
"Toys","Iusto cinis ars depereo.","https://picsum.photos/seed/ZovCzQLMA/1404/3128","{""value"":16,""unit"":""minutes""}","Ron68@gmail.com","Corrigo cohibeo cuppedia vetus. Cognatus timidus cultellus. Curatio cariosus volaticus curatio adopto auctor degusto vobis.
Statim civitas calco tantum appositus pax assumenda. Tepidus tergiversatio ubi amplexus venio pecto. Victoria certus vigilo color.
Patrocinor compono vomito uredo adhaero. Laborum amaritudo ea deleniti cursus accusantium. Currus admiratio civitas degenero termes pecus."
"Music","Creator cruciamentum terra volutabrum utilis.","https://loremflickr.com/1374/3017?lock=4907997340009506","{""value"":1,""unit"":""minutes""}","Crawford_Heaney@gmail.com","Asporto conatus ducimus suffoco. Trucido adversus alioqui substantia concido. Creo umbra stillicidium vivo degero aliqua degero considero.
Cohaero trepide cibo sollers. Tenax corrumpo tolero. Excepturi amor ustulo magnam cunctatio arca urbs apparatus vomer.
Adulescens thymum conspergo illum caterva ascisco. Aequitas adversus conicio fugit tego debeo voro triumphus aufero. Vicissitudo reprehenderit sollers tracto supplanto sonitus cimentarius callide conor spoliatio."
"Movies","Vomica credo depraedor explicabo dolore testimonium culpo vix aestus compono.","https://loremflickr.com/3786/3875?lock=2401822489126370","{""value"":17,""unit"":""minutes""}","Ahmed.Kulas@gmail.com","Autus bardus subnecto spes crebro quas amplus. Culpo cohors cui tepesco victus. Vero ab speciosus quam venustas suggero creta.
Votum apostolus cuius. Animi natus uterque conspergo consuasor clarus copia cuppedia. Cimentarius accedo crustulum utrum usque.
Admiratio vigor argumentum tricesimus summopere pel atrocitas suffragium tumultus. Animadverto carbo appono asper spiculum commemoro tabesco blandior defluo tempore. Calcar abduco amor triduana soluta tredecim quia defessus."
"Games","Tepesco suffoco turpis decretum vallum.","https://picsum.photos/seed/wO95YVxu/303/2796","{""value"":20,""unit"":""minutes""}","Clay_West7@gmail.com","Viridis admiratio laudantium sono. Apparatus suspendo terga verumtamen fugiat super. Cilicium laborum conforto auxilium coerceo absconditus summopere accusantium defluo.
Aiunt valeo cruciamentum. Abeo urbanus verecundia terror toties tabula thermae. Aduro volup acquiro suppellex contra.
Civitas apud arca magni iusto alo. Dolorem depraedor alter beneficium. Videlicet vaco mollitia amicitia demoror sumo vere carmen."
"Beauty","Aut ceno patior taceo volubilis pel solum sub tepidus.","https://picsum.photos/seed/IdTj91/2516/2035","{""value"":12,""unit"":""minutes""}","Emerson.Lehner74@hotmail.com","Vobis tamisium voro aequus sui soluta cotidie denuo coaegresco. Aspernatur advenio caritas tutis. Trepide admiratio conor texo triduana ab ambulo crux charisma combibo.
Allatus videlicet conicio inventore pecto advoco. Temperantia auctus voveo pauper vilicus. Tergeo concedo spargo aegrotatio abundans acervus vito.
Verus benevolentia totidem vulariter. Dicta aufero tenax bestia claudeo magnam calculus contra tamdiu. Comis corrupti caries compono tredecim tamdiu."
"Computers","Talus doloremque ago tonsor contabesco comes quibusdam maxime arbor.","https://loremflickr.com/2907/738?lock=5630467783788238","{""value"":4,""unit"":""minutes""}","Garret_Walsh0@yahoo.com","Illum ceno ago utroque. Decerno sunt armarium adulescens corrigo conservo virga bellum paens combibo. Callide cultura toties tepesco conventus solvo.
Qui acies rem cinis amitto collum facilis vespillo. Accedo animi iste ultra urbs admitto tres. Venustas balbus succedo maiores arca cicuta spectaculum quod.
Triumphus comprehendo vorax. Inventore sum adeo capio rem vacuus surgo conturbo fugiat titulus. Blanditiis adfero accendo totus."
"Computers","Dignissimos velit pecto amet amet velut accusantium.","https://picsum.photos/seed/3oO9H/3603/898","{""value"":18,""unit"":""minutes""}","Ardith.Considine@gmail.com","Corroboro commemoro absconditus abscido deorsum bellum. Ulterius brevis cultura. Tyrannus harum aro est curto textus coruscus saepe.
Maxime video volutabrum ultio. Cras amitto denuo. Tergiversatio cubitum dedecor.
Amita dolorum rerum quos cito summisse vigor defetiscor curso victus. Valetudo custodia eaque viscus contego. Subnecto tempore acerbitas conatus amissio aeger solvo accusantium combibo adiuvo."
"Garden","Cilicium error nemo voveo delicate.","https://loremflickr.com/3583/3664?lock=6381129187649469","{""value"":13,""unit"":""minutes""}","Cecelia10@hotmail.com","Ara color dignissimos antiquus defaeco alias. Suus inventore voco demoror acies summopere speculum ultio ustilo. Deficio confero thermae autus cura conscendo conduco tenax tersus.
Umerus ulciscor paulatim paulatim utroque terebro. Ex arca hic talio libero. Cariosus arguo carcer eius adduco carpo uter coaegresco tero.
Illum cresco crastinus vigilo deserunt. Demum perspiciatis paulatim triumphus tendo universe celebrer civis abscido. Saepe succedo velit teres."
"Sports","Cubicularis assentator succedo decimus.","https://picsum.photos/seed/rr4s0fQHS/833/1802","{""value"":18,""unit"":""minutes""}","Emerson.Lehner74@hotmail.com","Earum peccatus defungo odit. Spargo numquam tabgo vesica. Blandior viscus amplus culpa agnitio demum.
Clibanus architecto tersus annus desino vero. Quo abeo adfero caute spargo tribuo. Textor tutamen defungo territo unde eveniet civitas avarus.
Sumptus adipiscor arcesso surculus sperno damnatio tonsor. Coniecto cognatus vallum. Contigo varius aedificium aspernatur valetudo decens."
"Beauty","Conitor celo careo suscipio.","https://loremflickr.com/1070/165?lock=7823368636260968","{""value"":10,""unit"":""minutes""}","Charlene_Pagac@yahoo.com","Blandior canis repellat. Tersus pectus calco sint comedo verto tutamen ater crastinus trucido. Minus atqui conculco adstringo trucido.
Error venustas nisi caveo accusamus studio sulum admoneo tubineus vestrum. Asper stillicidium audax. Taedium ut magni sunt.
Ventosus tribuo ter modi casso tam temperantia animus carcer vereor. Cruciamentum adeptio nisi basium ventosus ambulo arceo atavus sursum tergeo. Uterque vehemens tersus voluptate stultus textilis alii complectus stipes tristis."
"Grocery","Quaerat auxilium conculco campana vos.","https://picsum.photos/seed/a9BvSe/2729/3673","{""value"":18,""unit"":""minutes""}","Ron68@gmail.com","Crudelis celer cubitum carpo sustineo canto conicio absens ad. Videlicet perferendis arto pauci tot. Antea tergiversatio patrocinor desino.
Credo a in dolorum. Spes suggero totidem victus suscipit tenax amicitia. Absens summisse verbera summa.
Trado versus vix. Vaco vinculum cui cursus attollo curia quis bibo. Amita validus trepide vergo sono."
"Kids","Corpus deprecator argentum tendo triumphus adeptio tergum.","https://loremflickr.com/1423/1785?lock=1334513927955844","{""value"":10,""unit"":""minutes""}","Angelica_Casper55@hotmail.com","Perspiciatis magnam sto pax mollitia unde agnosco delego decens. Attero desparatus infit admiratio. Repellendus amicitia aeneus decerno.
Stultus animus cum. Comitatus clam deleniti recusandae constans. Templum cubitum vulgus demonstro.
Ducimus adsuesco sum sequi. Vereor undique ocer delectus thesaurus ventus. Vesco voluptas ventito natus."
"Toys","Ara carcer cedo pauper advoco tener decimus.","https://picsum.photos/seed/z2lKP/203/379","{""value"":15,""unit"":""minutes""}","Emerald.Harris@gmail.com","Absens baiulus combibo ea. Tui terga cupio veniam apparatus traho comprehendo. Amplitudo color depraedor subiungo vado.
Curia arbor voveo abduco corpus. Catena corrigo desparatus delectatio utroque repudiandae thermae impedit. Laborum dens validus neque.
Tabesco tondeo delego usitas aspicio adopto venia. Carcer quia illo conqueror vilicus. Combibo clamo tutamen cupio."
"Beauty","Aranea cogito amita cimentarius teneo.","https://picsum.photos/seed/Cuw0Sqf/1512/2009","{""value"":12,""unit"":""minutes""}","Carolyn.Sipes54@gmail.com","Adeo tergo depono provident. Videlicet curtus trans thymbra adipiscor aequus. Aliquam pauper strues termes valeo ducimus celebrer.
Cotidie auditor angustus cibus valetudo templum desparatus laudantium aggredior subito. Theatrum velociter aut ceno aeger. Sono decor cruentus eveniet reiciendis complectus sumo autem patruus comminor.
Delicate strenuus spiculum consectetur alias patria. Speculum absum recusandae absens vitium arguo. Vociferor sulum vilicus verbum velut quo adsuesco bardus conqueror compello."
"Jewelry","Varietas teres spoliatio.","https://picsum.photos/seed/zwtcZ7kqkd/428/2636","{""value"":18,""unit"":""minutes""}","Clay_West7@gmail.com","Totus cunctatio tendo caelum earum vomito comitatus suppellex sollers. Deripio absque aer virtus sol accendo spargo laudantium totidem acquiro. Possimus eius spargo.
Sopor usus atrocitas volubilis sodalitas civis tertius vorax doloremque thalassinus. Suppellex colo compello sui vinculum nostrum bestia venia eveniet cubo. Ante vulnus valde ultio neque.
Atrox cado deinde. Ante confugo complectus. Aeternus agnosco eos voluptatibus substantia illum coma pax conor."
"Health","Usitas cohors velut catena debitis voluptatum celebrer vivo solvo.","https://picsum.photos/seed/QAESww0r/2770/2694","{""value"":4,""unit"":""minutes""}","Cecelia10@hotmail.com","Vociferor quaerat quos. Audentia aufero volubilis curiositas subiungo. Attollo laudantium universe vulariter beneficium.
Delibero cunabula vergo vir compello vulariter caries. Derelinquo ater casus recusandae unde curiositas nam alius. Sperno depereo vinco timidus coepi vulgo.
Sollicito amissio culpa fugiat. Video contra strenuus adficio sortitus autus arbitro fugit vomer porro. Depromo voluptatum cogito."
"Shoes","Maxime canonicus ad absorbeo vestigium delibero venia.","https://picsum.photos/seed/QnX7dO/1749/369","{""value"":15,""unit"":""minutes""}","Emerald.Harris@gmail.com","Averto conculco undique demonstro triumphus traho. Theca minus clam contabesco suggero. Caelum adiuvo voluptas thorax comes ocer arbitro ad.
Amor verbum sollers crastinus tabella barba arma. Crapula coma eaque traho coaegresco volutabrum vilicus cavus mollitia. Adopto solus illum.
Tempus corona voluptas tenus admoneo vis. Sophismata abduco vinculum aestivus defessus dolores curriculum amitto uberrime vesper. Bestia ab commodi uter adstringo coniecto explicabo audio."
"Garden","Umquam vito appositus vinum animadverto vitiosus taedium incidunt adinventitias tui.","https://loremflickr.com/2760/1114?lock=1413383636692876","{""value"":10,""unit"":""minutes""}","Crawford_Heaney@gmail.com","Paens ultio consequatur verbum angustus. Speculum casso centum stillicidium. Colo avaritia victus reprehenderit complectus torqueo aufero tenax vesper.
Pecto turbo pel aestivus coadunatio. Autus stips studio taedium absens voluptatum coniuratio animus aperiam suspendo. Tamquam capto defluo consuasor desidero.
Substantia bis velociter sed denique varietas cicuta degero turba valens. Harum carbo angelus venio optio traho acervus suggero. Peior talis substantia defungo basium abundans."
"Automotive","Delinquo demergo adimpleo adeptio appono bos minima.","https://loremflickr.com/3758/3635?lock=4875145114415224","{""value"":12,""unit"":""minutes""}","Hassie_Wuckert65@yahoo.com","Civis astrum aro sublime. Corrupti admoneo coaegresco atqui. Summisse nam adfectus vespillo conicio adhuc corrigo cupiditas appositus utrum.
Crudelis communis virgo temperantia. Arx totus sollers. Vilitas cunabula ventus adfectus conqueror vallum beatus vir tabgo itaque.
Cattus somnus quae tredecim vigilo sodalitas acsi quam aegrus. Bonus ventito accommodo repellat dolor. Delibero tabella laudantium curtus ascit deripio ipsam vitium dedecor cui."
"Industrial","Rerum alioqui arca perferendis vulnero nostrum carus vitae voluptatibus.","https://loremflickr.com/599/567?lock=8653759837408211","{""value"":16,""unit"":""minutes""}","Emerald.Harris@gmail.com","Velum praesentium thymum angelus. Cibo alo vicissitudo coadunatio vespillo cibus natus. Tamquam decimus triumphus abscido demens.
Consectetur sub admoneo voluptate voveo decretum cohibeo causa vacuus. Basium calculus utilis pauper totidem eligendi. Minus tantillus repellendus ater arceo.
Coaegresco clibanus comminor tristis crustulum utpote delibero fugiat. Quod usus calcar vulpes. Tametsi suppellex aurum."
"Tools","Decumbo carcer tibi solium acies bellum animadverto curatio adamo crustulum.","https://loremflickr.com/676/2911?lock=6831304513284173","{""value"":9,""unit"":""minutes""}","Lora.Hermiston83@hotmail.com","Valde commemoro qui a angelus molestias derideo vilicus sonitus termes. Votum confugo turbo. Apparatus praesentium amicitia creptio synagoga.
Sollers carus ascit. Coepi confido adhaero spero. Denuncio virtus cicuta coniecto vereor inflammatio.
Auxilium derideo collum accedo adsum defendo creo solum decor at. Candidus basium ascit tamen victus aspernatur defendo valens natus cetera. Cattus aspicio bos dolor stella conduco aptus alveus vulgus."
"Movies","Bene demo spes.","https://picsum.photos/seed/MnXOnEC/3085/1598","{""value"":8,""unit"":""minutes""}","Mike44@gmail.com","Deleo cubo tondeo considero voluntarius tredecim suggero patruus cultura. Sponte summisse tam aqua vindico coniuratio. Socius amaritudo arbustum textilis cumque adduco viscus.
Civitas beatus enim absens solvo aggero adsum. Cunctatio certus stillicidium summisse saepe inventore tenuis. Colligo dolorum defetiscor virgo confero corrigo ager aliquam qui.
Sperno mollitia adamo cotidie. Turba acceptus vindico. Debilito tracto tunc."
"Clothing","Numquam votum templum magnam fugiat vicinus commodi vulgivagus.","https://picsum.photos/seed/4taaWhRwJB/1227/922","{""value"":8,""unit"":""minutes""}","Emerson.Lehner74@hotmail.com","Tum argentum adfero agnitio valeo ventus crastinus. Amitto ventosus administratio consuasor. Campana color rerum verto ambitus stips cognomen.
Demum adulatio vinum atqui ducimus. Vita tondeo claro denuo verto ceno approbo aperiam vinitor. Comminor voro coadunatio solus.
Arguo tenus ager. Demens corrupti numquam crastinus. Statim celer subvenio sto summopere ars."
"Garden","Decor congregatio earum.","https://loremflickr.com/2437/335?lock=2206876840921970","{""value"":20,""unit"":""minutes""}","Armando.Beier12@hotmail.com","Pecco commodi arbustum. Coniecto ciminatio auctus conculco aeneus tabula currus testimonium. Cetera universe aurum contra barba.
Dicta vinculum varius volva defungo ascit. Vomito credo officiis ambitus aufero demoror blandior ait conservo alo. Considero cresco aedificium absum arbustum concedo atrocitas adicio adsuesco bos.
Tenuis pauper suffoco contra tamen commodo stabilis fugiat volubilis. Advoco attero corrumpo deludo conscendo decor. Cibo repellendus cuppedia auctus cohors amo laboriosam earum."
"Home","Degero anser viduo eum conservo.","https://picsum.photos/seed/tiwyO/1697/564","{""value"":5,""unit"":""minutes""}","Xavier_Hills@yahoo.com","Labore sopor vilitas surculus vere minima. Caput consequuntur spiritus aliqua. Hic ubi audacia torqueo cupiditate.
Celebrer defluo deorsum truculenter tabula cunabula collum vulgo concido. Fugit aequus trado cuppedia cribro adopto tempora ciminatio. Sollers tibi natus nam catena caveo ea praesentium.
Undique tamquam animi. Villa tam vester texo synagoga. Vapulus labore curia voluntarius."
"Shoes","Subvenio thesaurus vulgus tendo capillus tribuo.","https://picsum.photos/seed/A2Cbshrr3y/1709/2890","{""value"":18,""unit"":""minutes""}","Solon.Keebler20@yahoo.com","Undique conitor viriliter cimentarius a. Cito crebro laudantium vulgivagus deripio. Nobis nam voluptatibus ago.
Mollitia incidunt solitudo accusator tenus appositus tricesimus cruentus. Spiculum reiciendis tonsor confugo dedecor contabesco. Aequitas aveho tero derelinquo.
Socius suggero incidunt vitium volup ars utique. Adfero vesco crastinus conor utroque. Trado cicuta odit cultura vox alter doloribus sursum acies alienus."
"Shoes","Adulescens veritatis tripudio voco varius argentum fuga talis.","https://loremflickr.com/2314/1767?lock=5369457799326297","{""value"":7,""unit"":""minutes""}","Ezra39@yahoo.com","Apud admitto vero contabesco volutabrum coma. Virtus considero ara curto ademptio trans aperiam tolero adicio curatio. Suus arbitro antea degenero thesis.
Stultus acquiro aliqua tondeo termes. Vitae verecundia consectetur tamen impedit dolore abeo. Triumphus supellex desipio crinis coepi verto cinis allatus attollo teneo.
Praesentium crebro vito. Synagoga adeo taedium audax aeneus sto supra. Ipsa amplitudo utique cribro vomer votum ambitus vulgaris."
"Computers","Synagoga omnis depereo pecus tam demergo utor.","https://loremflickr.com/1072/1985?lock=6596169726890752","{""value"":5,""unit"":""minutes""}","Lesly85@gmail.com","Facilis aggero tempus tam vito vulgus blanditiis conduco. Curriculum abduco abbas velum stipes pariatur. Pariatur degero stillicidium votum.
Aptus cubitum cursim arbitro terror canonicus vicinus. Demens ante somniculosus audax decipio decipio victus conspergo testimonium. Sui quae pauci consequatur conturbo ventito spargo.
Decet arbustum tenax conicio sortitus tamisium adfectus totam textor. Uberrime attonbitus viscus solus solutio angulus thymbra creber truculenter. Utique antea amplus explicabo conscendo vulgus desparatus."
"Outdoors","Arceo brevis vorax aduro vorago.","https://loremflickr.com/2178/3758?lock=6856250083468761","{""value"":6,""unit"":""minutes""}","Eliseo.Kutch4@hotmail.com","Aliquam texo depromo. Cornu adamo tondeo stips. Voluptates copiose aegrus acies cumque agnosco sollers uredo.
Balbus decimus delectatio solus demitto vapulus cervus. Tristis tracto quibusdam alius nemo. Beatae sui error aperio subito tenuis defendo voluptate.
Argumentum tempora quis. Auctor colligo speculum tepesco caveo. Ducimus absorbeo adversus volubilis."
"Garden","Stips tepesco perferendis.","https://loremflickr.com/402/1468?lock=2554494926612584","{""value"":18,""unit"":""minutes""}","Solon.Keebler20@yahoo.com","Ceno vomica sodalitas fugiat verumtamen cometes uberrime sodalitas colligo. Derelinquo uredo appositus derelinquo adduco coadunatio tabesco talio canis. Candidus colligo angulus comitatus aut.
Strues suppellex placeat auctor thalassinus et campana aiunt succurro. Occaecati iure eum tui. Demergo socius color caveo cognatus demonstro denuncio theologus.
Vaco arcus aestivus. Quas damnatio territo cicuta verumtamen suus appono demo adduco. Aliqua cuppedia ea in tum sub."
"Books","Cubitum appono uterque vilis videlicet candidus.","https://loremflickr.com/2479/1467?lock=5051913093953802","{""value"":9,""unit"":""minutes""}","Lonny.Howell96@yahoo.com","Suasoria ceno cohibeo taceo defaeco demoror. Aperio cinis vilicus surculus anser asporto itaque armarium. Arcus ciminatio minus tollo.
Tabella ab odit textor ait una cruciamentum tener. Fugit delinquo caritas strues adipisci calcar. Calcar esse surculus reiciendis aestas territo timidus cubo tero.
Contigo calco demoror tamdiu cotidie articulus decor arto architecto ullam. Atavus vomer vita dapifer conventus venio magni vilis. Somnus subiungo tero turba demum vix tergeo tersus animadverto attero."
"Electronics","Suscipio cohaero tempore ullus.","https://picsum.photos/seed/KmYvL/907/3964","{""value"":18,""unit"":""minutes""}","Garret_Walsh0@yahoo.com","Armarium vilitas sapiente terebro tabella tubineus approbo facilis cado. Caelum defessus tollo amor venia tonsor color caelestis. Adnuo assentator solum vestigium aequitas conturbo clam.
Tertius vox adeo labore corona considero neque beneficium. Vilis arx praesentium stips arbor demoror. Super degero somniculosus arbitro suspendo decimus vere.
Aspernatur turbo adversus tardus audacia viridis tabernus votum audax. Sono acer contigo desolo accedo. Curia cuppedia alioqui."
"Clothing","Cruciamentum ustulo cresco surgo volubilis corroboro aspernatur.","https://picsum.photos/seed/0nlXLByDA/3553/2105","{""value"":8,""unit"":""minutes""}","Josiane95@yahoo.com","Cuius subiungo apto compello carus turbo ipsa stella cervus. Summopere voluptate soleo reiciendis. Cilicium quod id delectus earum tamen adamo.
Turbo utpote tempore claudeo beatus. Solium dolorem minus copia cetera adinventitias. Appositus desolo aestivus ceno damnatio.
Deduco reiciendis tondeo ducimus tonsor commodo. Aspernatur dedico tumultus. Umquam demens cervus caveo acsi coniuratio aliquid terreo theatrum odio."
"Games","Ut speciosus coadunatio ut conatus.","https://loremflickr.com/2063/3021?lock=2750583255942633","{""value"":3,""unit"":""minutes""}","Rosendo.Klein10@hotmail.com","Spargo clamo blanditiis acer dedecor arbor auctor tersus tabula paulatim. Viscus ait cibus. Subito subseco casus tui venia vox cupiditas quia.
Recusandae utique voluptas suus corrupti ait vulgaris ratione. Peior creber abduco cohibeo recusandae. Verumtamen callide derideo tergum curiositas stabilis soleo accusator.
Videlicet tubineus desparatus. Accommodo taceo acidus veniam culpa canonicus vergo trado. Vestigium sponte conventus."
"Tools","Cupressus arto corona cometes.","https://picsum.photos/seed/bpDRq9/1518/696","{""value"":14,""unit"":""minutes""}","Cordia.Goldner@yahoo.com","Anser territo una aegre ars defluo. Aspicio suppellex tempore thesaurus vox certe corporis cursus audax. Virgo pecus cumque itaque asporto.
Cibus desipio cultellus. Derideo cattus tabella bene tum. Toties laborum magni.
Vilicus casso vesica creber statim. Substantia callide iste vero deficio. Velum altus usitas angulus caterva currus deleniti recusandae."
"Health","Aut aspernatur curo.","https://loremflickr.com/2702/1228?lock=7266300063163701","{""value"":4,""unit"":""minutes""}","Dimitri.Harber@gmail.com","Verus constans aqua adfero voro decor suggero cibus vallum. Attollo ipsum suadeo votum itaque arto eaque auctor. Thorax sono adhaero.
Cuppedia conturbo stabilis chirographum depraedor fugiat coerceo amplus. Odit auditor sumptus vos bestia aptus. Aestas capillus coerceo saepe confugo debitis carbo.
Sui vinum adversus vulgivagus corroboro solium sonitus cultura. Voluptates texo itaque vinitor consuasor comburo. Suscipio xiphias apostolus caste culpo exercitationem aduro vinculum suscipio aestus."
"Clothing","Conspergo decerno apostolus tricesimus arca deleo abduco nemo vir.","https://loremflickr.com/3892/3245?lock=6385484903911003","{""value"":19,""unit"":""minutes""}","Kale78@hotmail.com","Aeneus creator advenio summa vester. Coerceo denique territo video. Vapulus umerus decipio studio teres esse commodo absens complectus.
Pecus utique explicabo eos catena. Aer videlicet aiunt arguo sum desino cenaculum vesica voluptate. Animus titulus suus urbanus accommodo.
Atqui altus est non commodi laudantium suscipio atque stipes. Communis balbus damno vel candidus vallum deleo sustineo. Quisquam artificiose ver cubo deprecator cupiditas."
"Outdoors","Sum triduana victus textus pariatur exercitationem curtus arceo tabesco.","https://picsum.photos/seed/ZRCAh8h/2927/1125","{""value"":10,""unit"":""minutes""}","Sylvester.Denesik53@yahoo.com","Cunabula tendo admoveo distinctio aspernatur sono verumtamen sursum. Sordeo curto delicate virga placeat texo spiritus acquiro. Attero cur studio eius pauci cavus pariatur.
Abstergo crapula bos cibus vaco decimus degero ustilo. Cenaculum complectus umbra dolore. Vulgo vel demonstro tenuis aequus quod.
Spoliatio vivo temporibus atrox volaticus sapiente comparo congregatio illum ambitus. Delibero pauper depromo summopere aequitas suffragium cubicularis avarus. Tui avaritia solutio cultellus demitto minus solio dolore cruentus."
"Sports","Triduana amissio calamitas virtus.","https://loremflickr.com/1373/2796?lock=3925726378589793","{""value"":15,""unit"":""minutes""}","Lue.Beahan32@hotmail.com","Acerbitas laudantium spargo clibanus. Dolorum aedificium defendo abstergo tabesco suus. Vapulus adicio cernuus delectus aeger calco aegrotatio ambulo.
Iusto odio ancilla est. Accedo cras sumo. Beatae perspiciatis expedita.
Artificiose apto viscus titulus. Illo tabella quo repellat impedit voluptates blandior aut trepide bene. Paens ipsa somnus in basium coma perspiciatis quidem."
"Baby","Cometes apud pauper.","https://picsum.photos/seed/ewnPxok/3606/2662","{""value"":6,""unit"":""minutes""}","Sylvan_McGlynn@gmail.com","Cenaculum aranea decimus vigor patruus ducimus. Assentator voveo universe terra textor curatio claudeo umerus. Vel defetiscor sto unus vinitor.
Cresco depono dolores paens depono asper acerbitas collum conturbo annus. Clementia bellum deserunt tolero illo articulus. Angulus casus cilicium una tyrannus deorsum cubicularis admiratio eos asperiores.
Ut spero creber torrens. Textor administratio benevolentia. Textilis placeat eaque antiquus tubineus uxor angulus amicitia."
"Outdoors","Tumultus capillus bos super candidus astrum cubicularis hic vinco.","https://picsum.photos/seed/sAXgG8t0sW/3847/3811","{""value"":14,""unit"":""minutes""}","Hassie_Wuckert65@yahoo.com","Cum talis textor caelestis. Aeternus absens cogito auctor adstringo. Caelestis arguo absconditus via subito vitium.
Statim cinis venustas. Calco deprimo curis nemo aptus vomica ager vigilo repellat. Annus constans vomica accusator colo voluptatum desolo aduro copiose.
Sponte somnus vulgaris. Thema careo patruus vobis vociferor tollo audentia somniculosus uter defluo. Tabella vesper sophismata angustus aiunt exercitationem admoveo dolorem."
"Kids","Magni ratione nisi aegrus administratio accusator qui villa conventus quod.","https://picsum.photos/seed/ITUoy/1797/1735","{""value"":18,""unit"":""minutes""}","Mike44@gmail.com","Sursum sint demitto debeo. Pecco thymbra solutio benigne paulatim aegrus avaritia caries. Coadunatio basium praesentium calcar tollo ars aqua sit vaco.
Laborum cubo cimentarius aureus xiphias contego. Autem campana demum. Tenax usus tactus cupio.
Unus alias caelum vulgivagus cresco. Tenax vilicus error asper claro aduro ullam argentum alias cibus. Curriculum vilis culpo vel."
"Garden","Apto adimpleo conatus cursus alveus velociter ascisco dolore.","https://loremflickr.com/1940/2450?lock=7629675261961051","{""value"":6,""unit"":""minutes""}","Charlene_Pagac@yahoo.com","Sol corporis sophismata. In illum canonicus cunctatio. Aurum timor adficio subvenio debilito socius summisse.
Crustulum bonus saepe vulgivagus. Auctus deinde impedit desidero vilitas uberrime defetiscor. Quos terminatio recusandae trans eveniet ventito.
Vacuus thorax comis communis corrupti volaticus. Bene cunabula sonitus utilis atrox cogito. Curriculum cetera ceno vicinus virga adfero voveo."
"Beauty","Vindico dolorem cohibeo texo certe asporto verus.","https://loremflickr.com/3580/2783?lock=6517163039626862","{""value"":1,""unit"":""minutes""}","Cecelia10@hotmail.com","Eveniet laborum ager tergeo comes debeo ascisco sum cenaculum. Damnatio cotidie et volo vaco surgo tergo appello. Tonsor ullam stillicidium carus cuppedia blandior.
Suppellex catena magni vesco taedium. Conitor vado virga aestivus laboriosam. Brevis adstringo verecundia.
Accommodo arbitro artificiose. Paulatim demoror aedificium verus accendo color adsuesco vilitas cicuta conforto. Color sponte virtus tabernus brevis tersus adeo degusto."
"Baby","Callide teneo stabilis versus chirographum ascit suppellex somniculosus.","https://loremflickr.com/2832/1357?lock=8966952479471858","{""value"":20,""unit"":""minutes""}","Carolyn.Sipes54@gmail.com","Addo denuncio culpo. Cultura canto sed. Addo cultellus tergo cattus caput adipiscor contigo paens tertius coniuratio.
Denique venustas conor ciminatio quidem varietas succurro textilis sordeo. Bos odit turpis id odio arx. Teres curso vinum volup vox aer candidus autus nemo sumo.
Correptius vestrum solio basium studio curtus sophismata voco demo. Cornu balbus causa curvo dignissimos tergeo sono cubicularis. Accommodo venustas ventus aperio."
"Outdoors","Conculco allatus tum defendo vulariter nulla exercitationem attollo paens.","https://picsum.photos/seed/OzhOq7U/628/269","{""value"":3,""unit"":""minutes""}","Lesly85@gmail.com","Attero vulnero chirographum abduco contra tenax carmen caute depereo. Suppellex aut adhaero summa cito aperiam. Advenio cur vitium cena tremo corona somnus decens.
Tardus thorax denuncio. Acervus dolore virgo avaritia timidus auctus acidus summa cunctatio demitto. Asporto peccatus explicabo paens cogito conor.
Sufficio coniuratio tergum vaco concedo theatrum. Deludo torqueo viridis solitudo aedificium. Alias sollers suasoria tyrannus armarium benigne vorax subiungo."
"Kids","Textus conforto texo cupressus quo temptatio repellendus tantum cubitum.","https://loremflickr.com/1212/3749?lock=5583881205244764","{""value"":13,""unit"":""minutes""}","Garret_Walsh0@yahoo.com","Celo compono rem conicio. Claustrum velut degenero totus totus defungo cavus ubi. Carmen acceptus solium textor vigilo degero.
Tempus volo adeptio autus consuasor fugiat ulterius cruentus victus. Tabula tabella celer voveo crudelis commemoro umquam cibo. Curso bos cattus vulpes impedit accendo.
Certe confido delinquo accusator deprimo cena defluo. Viridis desipio totidem dapifer conitor talio vobis. Debilito suscipio chirographum dignissimos."
"Shoes","Tener clibanus alter terreo abstergo tremo cruentus fugiat cogo delectatio.","https://loremflickr.com/2326/3128?lock=3186700164562637","{""value"":13,""unit"":""minutes""}","Forest.MacGyver51@gmail.com","Aveho contigo aureus annus. Uter attollo debitis vita abundans amissio desino eum. Quis et odio clementia depulso terebro templum.
Tabernus super angustus. Bellicus absconditus suadeo. Altus crastinus cetera quas contabesco corrupti crustulum amissio.
Vigor vester qui quod capio deprecator sed caelum solus textor. Terror impedit supplanto. Angulus vapulus curis tum dedecor laborum molestias atrox cado animi."
"Grocery","Ulterius patria quibusdam coerceo acquiro antepono.","https://loremflickr.com/3347/193?lock=824214765534871","{""value"":4,""unit"":""minutes""}","Lonny.Howell96@yahoo.com","Eveniet corrupti patruus ultra porro virtus. Compono studio cognomen somnus. Sunt volup assentator absum tactus varietas undique aliqua tactus.
Alveus vero trado deorsum cuppedia theologus ex celebrer tenetur aegrotatio. Tener umquam pecto architecto ex decerno pecus civis turpis. Ratione strues commodo caelestis illo.
Amoveo testimonium tutamen aduro viscus arca. Repudiandae virgo decumbo una. Convoco corona adopto amaritudo defluo officia aptus argentum sapiente."
"Home","Capitulus cado approbo delego chirographum vindico.","https://picsum.photos/seed/Ltd7m52Jp/3898/687","{""value"":18,""unit"":""minutes""}","Xavier_Hills@yahoo.com","Defleo tempus viscus cibo carbo necessitatibus abscido adipisci vorago perspiciatis. Perferendis arcus vos. Confugo tardus vito vox thalassinus argumentum adfero tondeo suasoria.
Thorax vestrum sursum tracto. Decumbo cognatus vomito comis. Caste benigne solio sperno.
Modi virga cupio vesica cohaero. Blandior terra via debeo est arceo. Sit antepono inventore carmen turpis summisse conicio torqueo."
"Kids","Voluntarius adhaero vitae.","https://loremflickr.com/3480/1831?lock=8366313500704035","{""value"":8,""unit"":""minutes""}","Marian11@yahoo.com","Xiphias tibi tres surculus ustulo perspiciatis crudelis degenero verumtamen denego. Calcar combibo aestivus cicuta acsi distinctio demonstro tardus dens. Cuius cicuta error adicio ultio natus uterque textus admitto ustulo.
Comparo quisquam despecto eos tergo capto vel ago acceptus. Studio arma aut cras beneficium velut. Astrum carmen curto adflicto trans denique cruciamentum dolores.
Appello vesica suffoco nisi admoveo voluptates. Utor aro vilis sollers natus libero vesco adimpleo tantum. Pauci spiculum catena votum ver natus testimonium caelum."
"Beauty","Vir ventus cupiditate acerbitas celebrer.","https://loremflickr.com/2259/3419?lock=2043244370087484","{""value"":3,""unit"":""minutes""}","Eliseo.Kutch4@hotmail.com","Subseco cedo curvo temperantia vigor validus. Occaecati voluptate distinctio adhuc turpis modi virgo. Porro quam benevolentia solum abutor voluntarius caute.
Commemoro verbera comes. Derelinquo desparatus amet alii via corona iste. Thesis villa voco altus aestivus statua curis.
Tondeo aufero eos bene dignissimos cruciamentum. Agnosco coma amplus suggero dolorum. Carpo ulciscor ducimus vaco."
"Garden","Accusantium vulgus vesper charisma statim suadeo substantia voluptatem censura.","https://picsum.photos/seed/6XRmsyos/1584/2725","{""value"":6,""unit"":""minutes""}","Linnie32@yahoo.com","Vulnero decerno canonicus utilis cedo textus terreo paens. Aranea tamisium voro defero attollo pecus uter volup. Adstringo sol turba.
Delectatio bardus audax sunt saepe bestia aduro vinum. Vulariter bellicus vestigium. Soluta aut aperiam tonsor torqueo creber magni conscendo.
Ulterius statim ceno audio delicate tunc. Cometes patrocinor deduco fugit. Vehemens cupiditate dolores odio versus tricesimus talus."
"Computers","Quibusdam creber unde tertius arguo defluo ipsum tonsor.","https://loremflickr.com/435/2024?lock=4314344075453466","{""value"":8,""unit"":""minutes""}","Xavier_Hills@yahoo.com","Calco molestias auditor tactus delinquo velut adnuo vilitas. Venio creptio suspendo quaerat temperantia ara. Tandem stella textus cupio tenax velit vomica utrum claro thymum.
Laborum crux tenax advoco annus demens beatus antea subnecto pectus. Cognatus venio culpo substantia aestivus talio pecco viscus. Astrum verbum cresco sono.
Adhuc contigo conqueror. Canis nulla surculus convoco cauda cubitum. Comparo vitium doloremque conventus tolero casso tendo."
"Jewelry","Versus correptius annus cupressus acsi pecto supplanto.","https://loremflickr.com/3614/2325?lock=903222288176516","{""value"":2,""unit"":""minutes""}","Lue.Beahan32@hotmail.com","Tactus asporto acervus verbum solio cernuus ciminatio. Spargo terror beneficium beatae temperantia. Barba incidunt dolorum subseco ars sopor carbo.
Vere trado recusandae repellendus fugiat delectatio. Dignissimos denego admitto vito ambulo celo tubineus umquam tantillus dicta. Cotidie sophismata umerus synagoga avarus.
Vilis maxime tracto coniecto defetiscor. Balbus damnatio adhuc ullus aliqua canto sollicito delibero audeo alter. Thema curto itaque catena error comminor benigne quidem supellex."
"Jewelry","Depulso corrumpo stillicidium.","https://loremflickr.com/2056/3631?lock=5080976362677456","{""value"":1,""unit"":""minutes""}","Dakota95@hotmail.com","Ubi verus admitto vinum ars curto viduo deprecator nesciunt certe. Degero voluptates spero suppono statua. Adaugeo curto adinventitias validus patruus templum enim in.
Utrum bis illo ulciscor beatus. Decens arcesso vigor compono. Adhuc convoco paens.
Thesaurus turbo adficio. Rerum ustulo taceo defetiscor armarium desidero titulus laborum sumptus cattus. Doloremque spectaculum cum atavus."
"Clothing","Versus utpote inflammatio contego.","https://picsum.photos/seed/mSmvGq/634/775","{""value"":10,""unit"":""minutes""}","Forest.MacGyver51@gmail.com","Cresco summisse decimus. Socius subnecto absens. Degenero complectus summa caecus spectaculum bis tamen.
Tersus deinde temeritas degero. Corona vorax creta theca crastinus strenuus colo tricesimus. Aeternus dolore vulnero decet utpote curia vero cauda suus.
Umerus vomer ultio commemoro cibo iste quos commodo usus odio. Decerno cicuta dapifer dedecor trans uredo aer occaecati tenax. Vir arma ipsa carbo amitto."
"Computers","Nihil strues depono.","https://loremflickr.com/144/1732?lock=6136630163752966","{""value"":12,""unit"":""minutes""}","Eliseo.Kutch4@hotmail.com","Ademptio cupiditas sophismata appello. Quas crastinus apto pectus aqua ulterius. Catena voluptatibus utilis clarus et strues nihil.
Repellendus consuasor torrens. Atqui fugiat tripudio decipio natus. Amplitudo victus exercitationem conscendo carbo bene aspicio.
Usus ventito delicate stella cupiditate amplitudo voluptate adinventitias veniam. Deprimo arceo doloribus. Spiculum demulceo vilicus cupiditas."
"Computers","Aspicio sub desino terreo tribuo deleo trucido censura.","https://picsum.photos/seed/bE2Vrlf/3751/1054","{""value"":3,""unit"":""minutes""}","Carolyn.Sipes54@gmail.com","Summisse occaecati averto aedificium vespillo. Benigne umquam coruscus arcus eos adiuvo. Cena patior quod confero illum vis tripudio cultellus.
Curiositas adinventitias nam viriliter vel debitis fugiat virgo angustus vesper. Unde cresco vomica solutio totus. Arma vix eius quae undique quos suscipit ulciscor textor.
Totam sophismata thesis cupio strues ambitus maxime apostolus pecus. Torrens animi error. Colo vorax autem thymbra cornu omnis via."
"Toys","Despecto subito apto.","https://picsum.photos/seed/DMD7Ba5/2353/3367","{""value"":8,""unit"":""minutes""}","Dimitri.Harber@gmail.com","Delego solus decor asporto vulnero defendo comminor. Ullus sublime crux libero in cultura tam trucido admoveo adduco. Blandior derelinquo sono quidem videlicet cursus turba benevolentia adfectus.
Timidus claudeo ter benigne vaco depereo tubineus asperiores. Succurro decumbo consectetur eius eum doloremque capio tribuo statua recusandae. Collum thermae adaugeo utrum pel templum.
Delectus cimentarius strues apostolus deputo ater auxilium. Quisquam calculus curo toties. Congregatio totus varius voluptates absum cognomen depraedor audax fugiat denuncio."
"Home","Crinis nemo et.","https://picsum.photos/seed/OHJmTE/750/892","{""value"":4,""unit"":""minutes""}","Clay_West7@gmail.com","Clarus tamen carcer abscido canis expedita suffoco utilis reprehenderit speculum. Confero damno abutor magni laudantium. Vulgo dedico verecundia neque volup turpis talio ver.
Tabesco thema laborum tenetur tenuis. Color vulnero ab tabella curto communis callide capitulus catena. Triumphus ambitus vos damno soleo complectus consequatur terror brevis videlicet.
Verus ancilla debilito depono sustineo calco administratio cogo cultellus bonus. Clibanus ex commodi impedit comburo urbs amita. Suadeo thermae numquam."